id,text,correct_answer,options,difficulty_level,category,points
9c4e0413-7065-4c00-b701-c1010f162f10,Question 1: What is a key concept in SSRS?,98804090-166e-4858-8134-829a9363ede8,"[{""id"": ""b5452c15-459c-4b7a-9198-562c75863beb"", ""text"": ""Option A""}, {""id"": ""b435232f-04a7-44f4-8cf6-b04f570f9e95"", ""text"": ""Option B""}, {""id"": ""98804090-166e-4858-8134-829a9363ede8"", ""text"": ""Option C""}, {""id"": ""5c67fe08-024c-42dc-b52b-648712374333"", ""text"": ""Option D""}]",1,SSRS,1.0
965c1309-f6a3-4ef3-b0b6-0e209c61e387,Question 2: What is a key concept in Python?,107510ce-c18c-45dc-bd21-bb67c802d41f,"[{""id"": ""ac6ae605-3bc7-4b22-805b-4d1c2ee4fd3a"", ""text"": ""Option A""}, {""id"": ""d5f1e19e-09c9-4cbc-bc61-baa26897ba22"", ""text"": ""Option B""}, {""id"": ""107510ce-c18c-45dc-bd21-bb67c802d41f"", ""text"": ""Option C""}, {""id"": ""f5c0cd62-dec6-4a4f-8906-2f318bcc77cc"", ""text"": ""Option D""}]",1,Python,10.0
c919bc57-fa92-46b0-9436-41e8a56e5b44,Question 3: What is a key concept in Python?,858b3abd-1a1d-46fc-b4e2-51c2e1523516,"[{""id"": ""2813e2ab-b2bc-41f3-90ef-27be9e5e753a"", ""text"": ""Option A""}, {""id"": ""aadc43e2-f194-4407-bc81-013ea27c4fd6"", ""text"": ""Option B""}, {""id"": ""2ed1891c-209f-49a6-8101-f4e3332ecdce"", ""text"": ""Option C""}, {""id"": ""858b3abd-1a1d-46fc-b4e2-51c2e1523516"", ""text"": ""Option D""}]",2,Python,10.0
7a509ae8-fa39-43b3-92e8-80ee02c6755d,Question 4: What is a key concept in SSRS?,a1cb6d26-6ea9-44ac-b01d-d598de65780e,"[{""id"": ""703a91a4-ba6a-40c5-8a87-3c8ef6ce126b"", ""text"": ""Option A""}, {""id"": ""1f9d1aff-465b-4ff0-8d0e-b00a6e759a66"", ""text"": ""Option B""}, {""id"": ""a1cb6d26-6ea9-44ac-b01d-d598de65780e"", ""text"": ""Option C""}, {""id"": ""ffa53d67-08a1-44a8-a34d-2c4a5dc243d1"", ""text"": ""Option D""}]",2,SSRS,1.0
95cf720e-74e3-485a-977c-8be8432bc760,Question 5: What is a key concept in SSRS?,00a70368-be72-4e90-a6de-bf8c429743ee,"[{""id"": ""38c3adc1-b2a9-4faf-b725-c31525137754"", ""text"": ""Option A""}, {""id"": ""c76884a0-36c4-46f3-a391-23fcad5152ed"", ""text"": ""Option B""}, {""id"": ""00a70368-be72-4e90-a6de-bf8c429743ee"", ""text"": ""Option C""}, {""id"": ""f6204e4d-04b1-410e-ab9c-2d189292136a"", ""text"": ""Option D""}]",1,SSRS,5.0
6c5d7274-9b20-462f-a8c2-9ffea2918e7e,Question 6: What is a key concept in Data Science?,d3cddb06-fd59-44e2-9c03-44457e2dc173,"[{""id"": ""1664d691-6b87-4050-a4dc-a039e6b51903"", ""text"": ""Option A""}, {""id"": ""b9236305-7613-4b6d-a2fb-9a50bc4094a1"", ""text"": ""Option B""}, {""id"": ""ccad286f-f9fc-4b3c-ae6d-6ad6ede14b33"", ""text"": ""Option C""}, {""id"": ""d3cddb06-fd59-44e2-9c03-44457e2dc173"", ""text"": ""Option D""}]",3,Data Science,1.0
ff62635d-52ad-45c3-9b9f-d9407616cee8,Question 7: What is a key concept in Python?,295605c7-e8e8-4721-b3fa-96d5901f246b,"[{""id"": ""816a3a1d-755c-4361-a47b-10be89030096"", ""text"": ""Option A""}, {""id"": ""6703dea0-9928-4d3e-9cd7-3db45935d546"", ""text"": ""Option B""}, {""id"": ""295605c7-e8e8-4721-b3fa-96d5901f246b"", ""text"": ""Option C""}, {""id"": ""274365b1-9f7b-4671-ad6f-5094ea2a3f59"", ""text"": ""Option D""}]",2,Python,1.0
1df7da8f-871a-4a63-a82e-21a88d7b522e,Question 8: What is a key concept in SSRS?,b891754b-bcdc-4ec7-b246-89e2f6ba7b80,"[{""id"": ""8a821e23-3c9b-4260-96e1-09192f9087c9"", ""text"": ""Option A""}, {""id"": ""b891754b-bcdc-4ec7-b246-89e2f6ba7b80"", ""text"": ""Option B""}, {""id"": ""aafa634b-b6b1-4ad2-8048-1b96fe23a3ae"", ""text"": ""Option C""}, {""id"": ""70901113-3177-418d-8bd5-4725bf6b3ab3"", ""text"": ""Option D""}]",1,SSRS,1.0
5a4945f8-182a-41b3-a434-26cc79f16af7,Question 9: What is a key concept in SSRS?,28720f21-4afe-41e2-86b2-04da2c3492a1,"[{""id"": ""c21e86e1-d567-4fb1-b427-0766ba365541"", ""text"": ""Option A""}, {""id"": ""28720f21-4afe-41e2-86b2-04da2c3492a1"", ""text"": ""Option B""}, {""id"": ""678577ae-b4de-4529-93bb-0f26935aa7e7"", ""text"": ""Option C""}, {""id"": ""3117fad3-0f43-4913-9901-e67e648a3888"", ""text"": ""Option D""}]",3,SSRS,1.0
e976dfc2-21b4-447d-9f08-406ad1cf66ec,Question 10: What is a key concept in SQL?,a81e4fde-cef7-4032-bae7-7e80965dd0d8,"[{""id"": ""57cc4105-80fd-4358-aa2f-5a2b2591b1d8"", ""text"": ""Option A""}, {""id"": ""a81e4fde-cef7-4032-bae7-7e80965dd0d8"", ""text"": ""Option B""}, {""id"": ""f1b7af06-07a3-426f-a712-40c8137a8598"", ""text"": ""Option C""}, {""id"": ""42375e98-f481-4885-b947-aaabe201b290"", ""text"": ""Option D""}]",2,SQL,5.0
b06a756b-c87d-4181-9e9c-5a294d53bcb5,Question 11: What is a key concept in SQL?,da7c23fe-bf61-4e2d-baf0-a1b3d0af5c47,"[{""id"": ""da7c23fe-bf61-4e2d-baf0-a1b3d0af5c47"", ""text"": ""Option A""}, {""id"": ""12e5d4d1-8d04-4891-b410-e2fbf0a52eb8"", ""text"": ""Option B""}, {""id"": ""ab3a0548-9be5-44a1-ae0b-e7eacf37b3d8"", ""text"": ""Option C""}, {""id"": ""9d09bcfd-a1bf-442b-80de-900be2df8dac"", ""text"": ""Option D""}]",1,SQL,5.0
3fb069a7-b389-4cd2-b7f2-0c780b99d743,Question 12: What is a key concept in Data Science?,113933a9-7b82-4b23-b088-05c3195d22a5,"[{""id"": ""18b06bbf-1b78-4606-be30-a350a4592e4e"", ""text"": ""Option A""}, {""id"": ""6305060b-b645-463a-8847-600601a751d1"", ""text"": ""Option B""}, {""id"": ""113933a9-7b82-4b23-b088-05c3195d22a5"", ""text"": ""Option C""}, {""id"": ""af8a84b2-07a7-486e-bac7-81a278d90034"", ""text"": ""Option D""}]",3,Data Science,5.0
6687e84b-6d05-443b-a1c7-8d8d38af9f2f,Question 13: What is a key concept in Python?,49e9eb02-4e95-4966-921c-9c512022da42,"[{""id"": ""49e9eb02-4e95-4966-921c-9c512022da42"", ""text"": ""Option A""}, {""id"": ""63395df0-56c2-42c3-85b4-bbe54cfa1f96"", ""text"": ""Option B""}, {""id"": ""8f1e4374-d439-49cf-b6c1-87d8ce2cd8e4"", ""text"": ""Option C""}, {""id"": ""1fd71217-8aee-4778-bd60-05000bb9e06c"", ""text"": ""Option D""}]",3,Python,10.0
cbb22303-adf4-482e-88f2-a61d93c87e3f,Question 14: What is a key concept in Python?,d7dcd8ec-4ef9-4bb0-8539-3a81c8a8736f,"[{""id"": ""e8f102c9-db8d-4d2f-a6c9-ddcafbc1de54"", ""text"": ""Option A""}, {""id"": ""d7dcd8ec-4ef9-4bb0-8539-3a81c8a8736f"", ""text"": ""Option B""}, {""id"": ""4276c65b-cebb-4465-8fd5-d64c7b99796d"", ""text"": ""Option C""}, {""id"": ""3d239936-7700-4f99-8e5b-005687eb7584"", ""text"": ""Option D""}]",3,Python,5.0
c267031d-9eb1-4564-9503-10e2e431fda4,Question 15: What is a key concept in Data Science?,355c2cb9-d073-4125-af92-1870e4bd8a8d,"[{""id"": ""44ac0afb-9561-421a-9d9c-9f84af2d94a9"", ""text"": ""Option A""}, {""id"": ""71f33d85-ec08-4be5-a54d-ae50a69b2a1e"", ""text"": ""Option B""}, {""id"": ""077dcc92-7f9d-476a-a4f0-7bc7f14aef96"", ""text"": ""Option C""}, {""id"": ""355c2cb9-d073-4125-af92-1870e4bd8a8d"", ""text"": ""Option D""}]",3,Data Science,1.0
b122fb53-0a54-43e0-9f9d-927cd0f2199a,Question 16: What is a key concept in SQL?,80c94d0e-4816-4fdd-a6df-78c8f831729a,"[{""id"": ""4c99fdac-4417-4afa-951c-fc2b0746b37c"", ""text"": ""Option A""}, {""id"": ""80c94d0e-4816-4fdd-a6df-78c8f831729a"", ""text"": ""Option B""}, {""id"": ""3236b4e3-ccc7-4dbd-80fe-8111f421a330"", ""text"": ""Option C""}, {""id"": ""0410acb8-2032-4137-9f82-456d17ea663b"", ""text"": ""Option D""}]",3,SQL,10.0
3198d258-0a14-419b-bdcc-4bbabefe71e0,Question 17: What is a key concept in SSRS?,8bfee24a-bb0e-4203-8a88-9ce9ff7c30f7,"[{""id"": ""3471c143-28c6-4726-82fc-a97e938d1a60"", ""text"": ""Option A""}, {""id"": ""b7170e1b-a99e-4444-a3ed-40bc431250ef"", ""text"": ""Option B""}, {""id"": ""7f7ef1d4-0af8-4f1a-9397-f66fee61bcee"", ""text"": ""Option C""}, {""id"": ""8bfee24a-bb0e-4203-8a88-9ce9ff7c30f7"", ""text"": ""Option D""}]",2,SSRS,5.0
4e72a3a8-4edf-4529-9d4b-4b61bfb3fe12,Question 18: What is a key concept in Python?,71b02de3-3d7f-4868-916d-77d680b7e04c,"[{""id"": ""3f49ca22-8a0e-48b9-808c-0d346bb69b3b"", ""text"": ""Option A""}, {""id"": ""d8337205-bf5c-4236-8472-1e81965e9fed"", ""text"": ""Option B""}, {""id"": ""71b02de3-3d7f-4868-916d-77d680b7e04c"", ""text"": ""Option C""}, {""id"": ""f3030ce1-52b2-4642-b3e2-07292eab0840"", ""text"": ""Option D""}]",1,Python,5.0
276f3d58-db80-4aad-9d65-9de54f1d200f,Question 19: What is a key concept in Python?,68eb140d-a347-4bff-9736-132c32e096fd,"[{""id"": ""7bba353d-ff01-4fe7-a0f4-186e661098c5"", ""text"": ""Option A""}, {""id"": ""0278a2f9-4c56-453b-8edf-8ec3b51196b5"", ""text"": ""Option B""}, {""id"": ""68eb140d-a347-4bff-9736-132c32e096fd"", ""text"": ""Option C""}, {""id"": ""3ed2cad3-f169-42b4-be76-57417884ecf6"", ""text"": ""Option D""}]",3,Python,1.0
d7825f91-4231-4090-9264-a2fa4e136823,Question 20: What is a key concept in SQL?,1f94a44a-9196-41b2-a314-7363e3b5e700,"[{""id"": ""a9d92167-6035-46c1-9501-520a78d0e701"", ""text"": ""Option A""}, {""id"": ""1f94a44a-9196-41b2-a314-7363e3b5e700"", ""text"": ""Option B""}, {""id"": ""a95ec7bf-48e2-4328-ae94-578f6b443edf"", ""text"": ""Option C""}, {""id"": ""7c9bb8af-fa71-47f2-98bf-0666ce0568a6"", ""text"": ""Option D""}]",2,SQL,1.0
26696942-771d-4859-9b7a-1da1ac0fc8b8,Question 21: What is a key concept in Data Science?,de0e3603-8157-4b2b-be83-c065b3af53f0,"[{""id"": ""fd30624f-f361-49e6-9b40-c69b21b904bd"", ""text"": ""Option A""}, {""id"": ""24c9cd4d-5bfd-4885-8b77-c7d0f305a64c"", ""text"": ""Option B""}, {""id"": ""de0e3603-8157-4b2b-be83-c065b3af53f0"", ""text"": ""Option C""}, {""id"": ""57014fc1-7c54-40e9-a1e8-cb01551f9981"", ""text"": ""Option D""}]",3,Data Science,10.0
facf63b6-4798-4762-b238-b109e86d3c8a,Question 22: What is a key concept in SQL?,14054213-1dc1-42a9-ae8d-8d589aa1cba6,"[{""id"": ""3b92afab-fe37-4767-b5c8-ac1a04d2e9e3"", ""text"": ""Option A""}, {""id"": ""14054213-1dc1-42a9-ae8d-8d589aa1cba6"", ""text"": ""Option B""}, {""id"": ""46089ea6-f051-4ec1-b136-ffea055521bb"", ""text"": ""Option C""}, {""id"": ""feb57938-221e-458a-a2ee-bb85be21596b"", ""text"": ""Option D""}]",1,SQL,5.0
83d6cec9-ed7f-4727-af96-e00e136d2b4a,Question 23: What is a key concept in SSRS?,366a3794-9aad-4702-9b32-4892dd9d109f,"[{""id"": ""c72132d0-0603-44cb-894f-ecda1b486cca"", ""text"": ""Option A""}, {""id"": ""3c94cfa1-7673-484c-8478-7c1aeec7cf49"", ""text"": ""Option B""}, {""id"": ""d94c947f-ed71-4c64-9750-f732b599c1cc"", ""text"": ""Option C""}, {""id"": ""366a3794-9aad-4702-9b32-4892dd9d109f"", ""text"": ""Option D""}]",3,SSRS,1.0
70069cc7-6583-4536-9e04-0d9c01386b69,Question 24: What is a key concept in SSRS?,c5fc14b2-7a42-4edb-9f4c-d0a1aa66c73b,"[{""id"": ""f4d82ff3-d4a3-4e5c-8e1d-3cc9bd156d3f"", ""text"": ""Option A""}, {""id"": ""08c85d1e-3870-469d-a4e6-6b2cedbfdab8"", ""text"": ""Option B""}, {""id"": ""c5fc14b2-7a42-4edb-9f4c-d0a1aa66c73b"", ""text"": ""Option C""}, {""id"": ""30193e2c-d40b-471a-adab-69d1b93fa342"", ""text"": ""Option D""}]",3,SSRS,5.0
e10bfc5b-4698-4d53-a3a5-c9fb915f67bc,Question 25: What is a key concept in SSRS?,a328587b-03db-4baf-bdee-b8df01bd69f4,"[{""id"": ""3980b772-28d1-42cd-8545-fad9a6a27508"", ""text"": ""Option A""}, {""id"": ""62cec398-bf06-4935-b3c5-bd4983272bd5"", ""text"": ""Option B""}, {""id"": ""5145e5e6-8680-485c-8114-45e15ba37e58"", ""text"": ""Option C""}, {""id"": ""a328587b-03db-4baf-bdee-b8df01bd69f4"", ""text"": ""Option D""}]",3,SSRS,1.0
806cd3ea-cc8b-4a92-bbea-3b682ac2e43c,Question 26: What is a key concept in Python?,a3f3baa7-fb6c-486d-97b4-8b0f728cca06,"[{""id"": ""a3f3baa7-fb6c-486d-97b4-8b0f728cca06"", ""text"": ""Option A""}, {""id"": ""cdcd257f-95f3-4b1f-b7cc-9edd7ab226d3"", ""text"": ""Option B""}, {""id"": ""6311d8df-772e-4bbd-a54d-91366e30d8b2"", ""text"": ""Option C""}, {""id"": ""e22fe1e6-9232-4580-9e98-180a58cb842f"", ""text"": ""Option D""}]",2,Python,5.0
92915faa-f935-47f0-a7e0-ba755a287a1a,Question 27: What is a key concept in SQL?,24667a17-96a1-4e52-8998-e665e0974a41,"[{""id"": ""70da34d1-7b78-4a90-b6e6-2c9ab9ecad17"", ""text"": ""Option A""}, {""id"": ""5469845a-af4e-47a6-ba5d-a716ade235c7"", ""text"": ""Option B""}, {""id"": ""24667a17-96a1-4e52-8998-e665e0974a41"", ""text"": ""Option C""}, {""id"": ""b77d64ec-26f4-4164-b3e2-83dae4555e2f"", ""text"": ""Option D""}]",2,SQL,10.0
a21884e3-c5ac-4a73-a7c4-41d9b9d93254,Question 28: What is a key concept in Python?,3e4dd8c4-50d0-4a07-81c3-4b96dfbfb2ab,"[{""id"": ""bb8e505c-f2a8-4626-85aa-3a4fb260356d"", ""text"": ""Option A""}, {""id"": ""3e4dd8c4-50d0-4a07-81c3-4b96dfbfb2ab"", ""text"": ""Option B""}, {""id"": ""561409ce-394d-468b-ba79-bbc491c21e06"", ""text"": ""Option C""}, {""id"": ""10a001eb-41ab-4aa3-99d0-5604d32b3221"", ""text"": ""Option D""}]",1,Python,1.0
e01ac832-abf0-4bcc-9907-7d8ce6860b21,Question 29: What is a key concept in Python?,e629bc4c-8e8e-4433-8af5-8a2c847897b0,"[{""id"": ""6c61447f-3950-4235-ae9d-bbbc9f88dd85"", ""text"": ""Option A""}, {""id"": ""e629bc4c-8e8e-4433-8af5-8a2c847897b0"", ""text"": ""Option B""}, {""id"": ""3f60a5cd-335a-4610-90e6-bf2b2fb99534"", ""text"": ""Option C""}, {""id"": ""71e94374-8ef3-4a3c-9149-36ea174b5ff4"", ""text"": ""Option D""}]",1,Python,5.0
312bbc2b-e573-49ef-8aa1-433f6c17514b,Question 30: What is a key concept in SSRS?,f0bed336-703b-43c1-9ec2-0cee83a82597,"[{""id"": ""f0bed336-703b-43c1-9ec2-0cee83a82597"", ""text"": ""Option A""}, {""id"": ""507f04bc-579c-4931-b489-a08ed494f138"", ""text"": ""Option B""}, {""id"": ""099b72a1-3536-47e4-9dc1-bfb635c3b192"", ""text"": ""Option C""}, {""id"": ""7a9a91aa-7408-4992-8d8a-e3cfab37ba79"", ""text"": ""Option D""}]",3,SSRS,1.0
f4d231f5-00c8-45ae-b4c0-cea49f9d9afb,Question 31: What is a key concept in SQL?,99da5d7a-a44d-4c2f-8893-dc09dcc77214,"[{""id"": ""b0c8e6da-a192-41ff-a1e0-21f68f9dbb8a"", ""text"": ""Option A""}, {""id"": ""99da5d7a-a44d-4c2f-8893-dc09dcc77214"", ""text"": ""Option B""}, {""id"": ""31bcc46f-f3b5-473e-bfe8-0d2e151d0d09"", ""text"": ""Option C""}, {""id"": ""4f4fa8ab-a73b-4e7c-9b0f-31e26da1bae8"", ""text"": ""Option D""}]",3,SQL,1.0
00039822-8f50-46db-8766-57ad35823d72,Question 32: What is a key concept in SSRS?,27bd5ba2-95b9-4b81-bfe6-9933048ad2b9,"[{""id"": ""739f2c02-5c2b-418b-b383-d5fed3a35d1b"", ""text"": ""Option A""}, {""id"": ""d6a1f52a-e1f3-4159-9b8e-fa631359df06"", ""text"": ""Option B""}, {""id"": ""27bd5ba2-95b9-4b81-bfe6-9933048ad2b9"", ""text"": ""Option C""}, {""id"": ""e0c3c680-a40c-4264-91f3-b1b289ddd30f"", ""text"": ""Option D""}]",2,SSRS,10.0
ec0220d1-a227-4948-8975-791389f0a480,Question 33: What is a key concept in Data Science?,4b06c876-b5d0-4103-b9d4-e69018ac525b,"[{""id"": ""80a72469-9068-46de-86b8-6ffd204a96c9"", ""text"": ""Option A""}, {""id"": ""2b86b864-2d41-439a-a56a-0d610a6e6a94"", ""text"": ""Option B""}, {""id"": ""4b06c876-b5d0-4103-b9d4-e69018ac525b"", ""text"": ""Option C""}, {""id"": ""5e248ce0-707b-4915-ad07-97914c203b9a"", ""text"": ""Option D""}]",3,Data Science,10.0
e98b348a-87c0-4cb0-87b8-b9ea7eaea370,Question 34: What is a key concept in SQL?,7237d917-4b20-421b-8612-e653d3baabdb,"[{""id"": ""0f6a92f5-1cef-478a-b5c0-3bee5bad3734"", ""text"": ""Option A""}, {""id"": ""055c6a8c-3b48-4f82-bc44-0cff7b83e8f5"", ""text"": ""Option B""}, {""id"": ""7237d917-4b20-421b-8612-e653d3baabdb"", ""text"": ""Option C""}, {""id"": ""8abd1dac-6562-4038-8abd-bf7d1028eadf"", ""text"": ""Option D""}]",1,SQL,10.0
8b0dac83-bfdc-41ba-aab3-a2548784794b,Question 35: What is a key concept in Python?,75702543-fae5-4c6d-85ae-8913d551adcc,"[{""id"": ""75702543-fae5-4c6d-85ae-8913d551adcc"", ""text"": ""Option A""}, {""id"": ""b9b44ab1-cea4-4dde-97ea-1fdbf1d5e667"", ""text"": ""Option B""}, {""id"": ""f31a10a7-e7fb-4931-8024-f4bb66c93869"", ""text"": ""Option C""}, {""id"": ""513bd3ea-6229-46dc-868c-779257c34b4d"", ""text"": ""Option D""}]",2,Python,10.0
b62965f1-9fd6-4b00-839f-83798dcf3b33,Question 36: What is a key concept in SQL?,d1df66d5-0e99-4cf8-af3b-4c836fe183cb,"[{""id"": ""4af799d8-09de-428e-bc7c-6c3f518ed888"", ""text"": ""Option A""}, {""id"": ""d1df66d5-0e99-4cf8-af3b-4c836fe183cb"", ""text"": ""Option B""}, {""id"": ""5bb30afc-b17f-418c-8fed-5fed250f847a"", ""text"": ""Option C""}, {""id"": ""6085c619-176e-45dd-98b9-e4036e342650"", ""text"": ""Option D""}]",2,SQL,10.0
b617c599-a970-4ece-9046-c469abc66092,Question 37: What is a key concept in Data Science?,0f04e979-b89c-4389-9116-3a5da6b521a1,"[{""id"": ""1c39db17-9d79-45c7-873a-f4fe2e4ab8f3"", ""text"": ""Option A""}, {""id"": ""f15c96a6-a289-4ead-b5fc-f4b27768d19b"", ""text"": ""Option B""}, {""id"": ""71beb63d-f187-44bd-a6f9-0a5a2f8cd57a"", ""text"": ""Option C""}, {""id"": ""0f04e979-b89c-4389-9116-3a5da6b521a1"", ""text"": ""Option D""}]",3,Data Science,1.0
24ee2bd1-71c3-4b49-9731-4ada4404e3e9,Question 38: What is a key concept in SQL?,4484c35c-37b0-4dae-9da8-274e9c22d799,"[{""id"": ""243a2a8e-188b-4584-a951-0e71a032f7f0"", ""text"": ""Option A""}, {""id"": ""8810e95a-4f27-4506-b765-cd7a08b8ed37"", ""text"": ""Option B""}, {""id"": ""048cffc8-028c-401c-8ec2-61361527c266"", ""text"": ""Option C""}, {""id"": ""4484c35c-37b0-4dae-9da8-274e9c22d799"", ""text"": ""Option D""}]",3,SQL,5.0
4a984b65-815d-4e17-809c-7468cb52d259,Question 39: What is a key concept in Data Science?,600e17e1-1750-4c2a-814c-0bb42f132b5b,"[{""id"": ""e80c6000-3975-47be-9bba-e7190c81b10c"", ""text"": ""Option A""}, {""id"": ""57a16923-5bb0-4472-b445-507f0a4f8fb2"", ""text"": ""Option B""}, {""id"": ""600e17e1-1750-4c2a-814c-0bb42f132b5b"", ""text"": ""Option C""}, {""id"": ""c6b57fca-ac6d-4c1a-b574-a8b9504dac3d"", ""text"": ""Option D""}]",3,Data Science,10.0
6005d81b-7b95-4c6e-b405-280930bb8646,Question 40: What is a key concept in Python?,02015598-e621-49e6-8556-2a606323d65c,"[{""id"": ""2d1cc29d-0c7e-4432-a1a8-3cf1794e3086"", ""text"": ""Option A""}, {""id"": ""a22b3f1c-b273-4ab6-b6d0-122442e9c94c"", ""text"": ""Option B""}, {""id"": ""02015598-e621-49e6-8556-2a606323d65c"", ""text"": ""Option C""}, {""id"": ""6592ffd5-6bd7-4ce7-bc9a-814605f6b084"", ""text"": ""Option D""}]",1,Python,1.0
dbabbed4-79f2-43f0-a145-4869196ba360,Question 41: What is a key concept in SQL?,cb09d5c0-f29a-44d6-8153-3ff7803db2eb,"[{""id"": ""b0db4b9a-f62b-4867-bb3e-f7bda0e58bee"", ""text"": ""Option A""}, {""id"": ""cb09d5c0-f29a-44d6-8153-3ff7803db2eb"", ""text"": ""Option B""}, {""id"": ""2f6f41b0-becf-41c6-889e-e50b1f412262"", ""text"": ""Option C""}, {""id"": ""9a1bdd6f-5e30-461c-a1ae-ffd8c56808fb"", ""text"": ""Option D""}]",2,SQL,5.0
73d5c6ae-cdcc-4099-958f-51b76c0bd489,Question 42: What is a key concept in Python?,a2bcd68d-99e2-4723-9ff5-7cb2b5984f32,"[{""id"": ""5fc9ba4c-d5a4-4e3c-bead-4fc2e84ef52f"", ""text"": ""Option A""}, {""id"": ""f24221dd-0044-4772-bc45-644502cdbd09"", ""text"": ""Option B""}, {""id"": ""a2bcd68d-99e2-4723-9ff5-7cb2b5984f32"", ""text"": ""Option C""}, {""id"": ""f3cfa04f-59bb-4558-90c8-9939b7d8322d"", ""text"": ""Option D""}]",3,Python,1.0
7dda395d-e2d5-4942-9f07-b3ea75d920a8,Question 43: What is a key concept in SQL?,3c752314-e2f6-4331-bb18-ae201bb80f80,"[{""id"": ""d2f8607e-d982-47d9-9697-2e031d290e88"", ""text"": ""Option A""}, {""id"": ""f2b30df4-84b3-4e5d-a328-3fdc1f0e0f20"", ""text"": ""Option B""}, {""id"": ""e28e54c8-5f41-4695-a874-0ed9fafdfbaa"", ""text"": ""Option C""}, {""id"": ""3c752314-e2f6-4331-bb18-ae201bb80f80"", ""text"": ""Option D""}]",3,SQL,5.0
3a960dea-3045-423f-9e9d-8f355427d57a,Question 44: What is a key concept in SQL?,8ed35e10-3155-45ae-948a-053dcaeab4e5,"[{""id"": ""8ed35e10-3155-45ae-948a-053dcaeab4e5"", ""text"": ""Option A""}, {""id"": ""0a3eb817-eda4-480a-af60-90f57c0a9479"", ""text"": ""Option B""}, {""id"": ""63820f77-8b6a-46e8-8c40-eac1c2d68fd4"", ""text"": ""Option C""}, {""id"": ""eeac87f9-874a-45da-98e4-0d8bb1e191be"", ""text"": ""Option D""}]",2,SQL,10.0
c8ba26d8-16e3-4425-9bc3-487c2af5c944,Question 45: What is a key concept in SSRS?,0de34c70-307e-462f-a725-543ec05d2c2d,"[{""id"": ""525b9ca0-7f75-4a29-8c9f-55e9990d9172"", ""text"": ""Option A""}, {""id"": ""0de34c70-307e-462f-a725-543ec05d2c2d"", ""text"": ""Option B""}, {""id"": ""a2c76c13-d273-4838-8f10-6ec80948b672"", ""text"": ""Option C""}, {""id"": ""d55cfbe3-fb95-4b9b-91dc-386c07d96524"", ""text"": ""Option D""}]",3,SSRS,10.0
3db69630-b38c-471c-ba09-319d9d84656f,Question 46: What is a key concept in Data Science?,4c2a6675-e8f2-4ff3-bf97-a9450823e16b,"[{""id"": ""a4bf9848-4261-4cd7-9d4b-eb39d563f831"", ""text"": ""Option A""}, {""id"": ""85c0cddc-b6e4-41b0-9e09-2454de59be9e"", ""text"": ""Option B""}, {""id"": ""4c2a6675-e8f2-4ff3-bf97-a9450823e16b"", ""text"": ""Option C""}, {""id"": ""4649836f-89df-49a0-a110-710eab8412e9"", ""text"": ""Option D""}]",1,Data Science,10.0
16a06268-ad6a-4387-a615-12f262b672ca,Question 47: What is a key concept in Python?,398a064e-0d3e-4e6e-9798-add6de3d09ce,"[{""id"": ""398a064e-0d3e-4e6e-9798-add6de3d09ce"", ""text"": ""Option A""}, {""id"": ""9a4046b0-5e6e-4cd8-8c5f-e7d08c27ee85"", ""text"": ""Option B""}, {""id"": ""d5b722cb-0a9f-41f1-a11e-608bb5b9d7d0"", ""text"": ""Option C""}, {""id"": ""d54d10f6-d645-4d75-bfda-6c0148f183cd"", ""text"": ""Option D""}]",1,Python,1.0
05cfa054-68a2-4b79-8d03-d49ff27be35d,Question 48: What is a key concept in Python?,ed0c5b64-ef3a-49e1-8d7f-59802aa2f5d0,"[{""id"": ""6ac7a3e6-e748-4152-919d-06da96af2898"", ""text"": ""Option A""}, {""id"": ""ed0c5b64-ef3a-49e1-8d7f-59802aa2f5d0"", ""text"": ""Option B""}, {""id"": ""1bf29756-9036-4c44-9530-88ec3eddb1ed"", ""text"": ""Option C""}, {""id"": ""66600943-729b-450e-b837-99bc5ca48e08"", ""text"": ""Option D""}]",1,Python,10.0
e001f371-d038-4890-8d8b-99201d6475d5,Question 49: What is a key concept in Python?,187504b4-a8c6-4bec-a0e6-6900dff86ec1,"[{""id"": ""569f3a28-dd4a-40bb-9f71-381bd0852b45"", ""text"": ""Option A""}, {""id"": ""e48f88f2-d699-4f4d-ab9b-e3b04703e168"", ""text"": ""Option B""}, {""id"": ""cfae705e-b0d7-499c-bc7e-9563c6cb50d0"", ""text"": ""Option C""}, {""id"": ""187504b4-a8c6-4bec-a0e6-6900dff86ec1"", ""text"": ""Option D""}]",1,Python,1.0
f5ed2e32-ef38-4267-a589-1dfb1655cef2,Question 50: What is a key concept in SQL?,f220dfd1-99c2-4fbb-bb85-bd88ce28317e,"[{""id"": ""f220dfd1-99c2-4fbb-bb85-bd88ce28317e"", ""text"": ""Option A""}, {""id"": ""4b8fd7ee-1de6-4d32-8ce9-8f54bf0d78c4"", ""text"": ""Option B""}, {""id"": ""9695b5bb-5330-4e95-b411-e22fdc862310"", ""text"": ""Option C""}, {""id"": ""9f849a4b-8d49-42a2-8322-b369b512a3ab"", ""text"": ""Option D""}]",3,SQL,10.0
119dc725-a32a-44f6-800f-0023956f7cae,Question 51: What is a key concept in SSRS?,b86de3ff-7826-4a67-9e3c-3dd3bf18494b,"[{""id"": ""c520cc15-d311-4656-8a33-84af9d0dab0b"", ""text"": ""Option A""}, {""id"": ""350ee0eb-1050-4466-866a-bdc7c3ca45bb"", ""text"": ""Option B""}, {""id"": ""b86de3ff-7826-4a67-9e3c-3dd3bf18494b"", ""text"": ""Option C""}, {""id"": ""cd6497d4-e7d0-4dea-aa72-531aaa91553f"", ""text"": ""Option D""}]",2,SSRS,1.0
db6aed11-7ffe-48ea-8999-44a91fcf67b1,Question 52: What is a key concept in Python?,e032c790-39aa-4b50-8e5a-8781bf7cfd12,"[{""id"": ""0646787a-ea3c-4f67-bcbf-06fe1df3ef02"", ""text"": ""Option A""}, {""id"": ""b81bd612-afe1-41a1-899a-eae7551d4b40"", ""text"": ""Option B""}, {""id"": ""e032c790-39aa-4b50-8e5a-8781bf7cfd12"", ""text"": ""Option C""}, {""id"": ""c6a45d14-9603-42e6-b708-8331cbf540ab"", ""text"": ""Option D""}]",1,Python,1.0
72742dd2-fb10-4589-ba97-5c8d5a2bd671,Question 53: What is a key concept in Python?,e3681fd8-0941-4c67-b702-b39a235ce882,"[{""id"": ""8c517cd0-547d-4efa-b3f8-067125b61c25"", ""text"": ""Option A""}, {""id"": ""2be7b8b6-d9dc-401c-b5ac-620f819052aa"", ""text"": ""Option B""}, {""id"": ""e3681fd8-0941-4c67-b702-b39a235ce882"", ""text"": ""Option C""}, {""id"": ""5abd244e-15c6-483d-9d68-d1de8f94a27d"", ""text"": ""Option D""}]",2,Python,5.0
b95ffc66-7be5-4740-b899-a9bb8a7bde4f,Question 54: What is a key concept in Data Science?,e980e24c-bcd5-4288-b2f0-905d6996d86b,"[{""id"": ""72fcc59c-4717-4750-89a9-86b67b8dc720"", ""text"": ""Option A""}, {""id"": ""e980e24c-bcd5-4288-b2f0-905d6996d86b"", ""text"": ""Option B""}, {""id"": ""c4446597-e271-49f0-8748-ee7f7819d0ce"", ""text"": ""Option C""}, {""id"": ""4cecafb8-8914-4eb3-9f36-35d4764d080a"", ""text"": ""Option D""}]",3,Data Science,10.0
e35f7128-5844-4f45-a07a-8dff78011d02,Question 55: What is a key concept in Data Science?,f9f9f743-2823-44aa-ad8e-9d1706acc353,"[{""id"": ""d343f3d7-194f-4364-a690-ec2947e5a52f"", ""text"": ""Option A""}, {""id"": ""f9f9f743-2823-44aa-ad8e-9d1706acc353"", ""text"": ""Option B""}, {""id"": ""7b045ff5-defc-4291-b06c-9df55c2e95b8"", ""text"": ""Option C""}, {""id"": ""eec22864-a1b2-4eb6-a308-e373d4805d16"", ""text"": ""Option D""}]",2,Data Science,10.0
16f31b93-6937-4b9f-980b-ee69b1b7696b,Question 56: What is a key concept in Python?,a613ec4c-bde8-4bf0-bfda-a60e02063f4f,"[{""id"": ""ee621012-5b53-4e7f-b473-cbaca5dbc4ef"", ""text"": ""Option A""}, {""id"": ""a613ec4c-bde8-4bf0-bfda-a60e02063f4f"", ""text"": ""Option B""}, {""id"": ""2a1fdfd8-6190-4190-87ed-77ad3c2d9ed7"", ""text"": ""Option C""}, {""id"": ""6348d237-4592-408e-9351-e420f91cf83f"", ""text"": ""Option D""}]",2,Python,10.0
713e5d5b-3577-411b-88de-2566654ffee8,Question 57: What is a key concept in Python?,1df3c577-daac-4fdb-af8c-5c4cacde754b,"[{""id"": ""f4a88180-b7a5-45e8-a0c8-c2b7dd949c99"", ""text"": ""Option A""}, {""id"": ""8a06de61-16a9-4a33-8cae-6e0744cdc534"", ""text"": ""Option B""}, {""id"": ""1df3c577-daac-4fdb-af8c-5c4cacde754b"", ""text"": ""Option C""}, {""id"": ""4f17c18f-ad97-4b84-b8a0-26a79b1f0883"", ""text"": ""Option D""}]",2,Python,1.0
ed5dfb7a-3f07-44af-920e-ddf826ed0436,Question 58: What is a key concept in Data Science?,a020d7c5-b13c-47f5-aa33-7098c163504c,"[{""id"": ""a020d7c5-b13c-47f5-aa33-7098c163504c"", ""text"": ""Option A""}, {""id"": ""df3c145f-e4cb-4ffb-9823-99feeead6910"", ""text"": ""Option B""}, {""id"": ""f46436d9-db64-4b9f-965e-12a79b48f0b2"", ""text"": ""Option C""}, {""id"": ""d81637c7-fca0-4ccf-9b0a-070b92958477"", ""text"": ""Option D""}]",2,Data Science,1.0
e10879e0-0b5c-4834-96fe-15bbb17a5308,Question 59: What is a key concept in Python?,eb305010-d525-43e2-bcba-64b2213fb664,"[{""id"": ""eb305010-d525-43e2-bcba-64b2213fb664"", ""text"": ""Option A""}, {""id"": ""89618791-08d5-44c4-bdb9-b9f1194fda4a"", ""text"": ""Option B""}, {""id"": ""52af56e5-9e1e-4197-83c1-e887f8084873"", ""text"": ""Option C""}, {""id"": ""a02db9cc-ad11-4d04-93fb-0855b7490d88"", ""text"": ""Option D""}]",1,Python,1.0
5211e986-374d-4cf5-a85b-1f7db5b30c5e,Question 60: What is a key concept in Python?,69bfe325-0f5f-42c7-a17d-ed20c4ec1960,"[{""id"": ""ae360ca7-40fe-4b60-8b09-2342fc9b3e03"", ""text"": ""Option A""}, {""id"": ""0b836607-d59b-4c9f-8100-e91d1763f4f0"", ""text"": ""Option B""}, {""id"": ""c0d86d3e-0495-49ad-b301-9b99f65c196d"", ""text"": ""Option C""}, {""id"": ""69bfe325-0f5f-42c7-a17d-ed20c4ec1960"", ""text"": ""Option D""}]",2,Python,10.0
c031fab4-5276-441d-baf2-b3147dc810f9,Question 61: What is a key concept in Data Science?,1baad688-d62c-4696-8aa5-24aab58b53ef,"[{""id"": ""d6b6259b-e313-4383-9c10-c2d219bff667"", ""text"": ""Option A""}, {""id"": ""b7c1a4f5-3b8b-4c88-9477-3d12cd524556"", ""text"": ""Option B""}, {""id"": ""cc7d11dd-8fd2-4ab8-b3b9-3924b1354977"", ""text"": ""Option C""}, {""id"": ""1baad688-d62c-4696-8aa5-24aab58b53ef"", ""text"": ""Option D""}]",3,Data Science,1.0
675fe7f0-9bc6-479f-a59a-abf6b052a7b8,Question 62: What is a key concept in SQL?,ddcad704-0740-4f59-b3f3-d6adefc524c8,"[{""id"": ""59ee7e4e-a0e3-4437-9dfb-71eda8296580"", ""text"": ""Option A""}, {""id"": ""ddcad704-0740-4f59-b3f3-d6adefc524c8"", ""text"": ""Option B""}, {""id"": ""37c34b95-246a-416c-af07-64b122d9238c"", ""text"": ""Option C""}, {""id"": ""4773718c-ef31-41aa-8fc6-5e6fa474fe5e"", ""text"": ""Option D""}]",2,SQL,5.0
8ff3a11a-8e59-4200-9f77-3fb6a80801cc,Question 63: What is a key concept in SQL?,143c0e0d-5d10-492e-bb66-7b3a9749cccf,"[{""id"": ""cb9e43af-9e57-4f9e-9235-ea1f6f4cdfaa"", ""text"": ""Option A""}, {""id"": ""143c0e0d-5d10-492e-bb66-7b3a9749cccf"", ""text"": ""Option B""}, {""id"": ""e3bd0171-3c22-4170-9cbb-853d0db4c028"", ""text"": ""Option C""}, {""id"": ""33229840-f1b0-4917-9a0a-569e45293462"", ""text"": ""Option D""}]",2,SQL,1.0
ff37fed1-114c-4fe6-bfff-b5ccfb92d322,Question 64: What is a key concept in Python?,f68d2176-601d-487d-bd82-460a82ede8d2,"[{""id"": ""f68d2176-601d-487d-bd82-460a82ede8d2"", ""text"": ""Option A""}, {""id"": ""272c8ac1-d661-47fc-a112-d193a754e75a"", ""text"": ""Option B""}, {""id"": ""af67c379-4f3e-4d3a-a2e2-e3c7ee1c53b0"", ""text"": ""Option C""}, {""id"": ""9f638c61-f702-4bbf-b943-a4a4741f8e9b"", ""text"": ""Option D""}]",2,Python,1.0
349dfb57-c615-48db-b80b-421ed90696c7,Question 65: What is a key concept in SSRS?,b7b45064-01fe-416c-8428-8edf575a13d5,"[{""id"": ""e7978fc4-66ee-4964-9bee-5f7f7c575839"", ""text"": ""Option A""}, {""id"": ""e250ca83-2633-4ea0-b60c-3864286f19f5"", ""text"": ""Option B""}, {""id"": ""cc53c703-cf69-4434-b525-6f0e67f9d7be"", ""text"": ""Option C""}, {""id"": ""b7b45064-01fe-416c-8428-8edf575a13d5"", ""text"": ""Option D""}]",1,SSRS,10.0
81329ddf-673c-40e9-8563-0bcbb8e6420e,Question 66: What is a key concept in SSRS?,d55db428-6fa9-46cf-bc4e-028a92e56eec,"[{""id"": ""d55db428-6fa9-46cf-bc4e-028a92e56eec"", ""text"": ""Option A""}, {""id"": ""97474dfe-9f2f-46c7-93aa-158e7a12d27e"", ""text"": ""Option B""}, {""id"": ""2e858fd7-613a-4a0e-b9db-ef43f44b46b3"", ""text"": ""Option C""}, {""id"": ""0f771602-22c0-4ab8-b879-db19cbdbe67a"", ""text"": ""Option D""}]",3,SSRS,5.0
29bc58b2-6f55-42ba-a399-d61628500ae4,Question 67: What is a key concept in Data Science?,3fbfebb4-b660-4632-8190-5d28cec643f1,"[{""id"": ""6cc67e74-cb13-4d02-b527-5c6e4d38bb16"", ""text"": ""Option A""}, {""id"": ""fa7e6300-b961-43d0-8212-4d1c2996440e"", ""text"": ""Option B""}, {""id"": ""3fbfebb4-b660-4632-8190-5d28cec643f1"", ""text"": ""Option C""}, {""id"": ""d67fb73c-7d26-49eb-aa0a-31f29132bd0f"", ""text"": ""Option D""}]",2,Data Science,5.0
78d73d0e-9798-4263-bbae-210e1eed0655,Question 68: What is a key concept in SSRS?,6e6f8d77-5c63-4dc4-8fa5-413a4d1119f4,"[{""id"": ""4db1774c-0ad0-4332-8d8f-4003daae63e7"", ""text"": ""Option A""}, {""id"": ""6e6f8d77-5c63-4dc4-8fa5-413a4d1119f4"", ""text"": ""Option B""}, {""id"": ""7568ffb7-6475-48c3-8f96-28fabade3695"", ""text"": ""Option C""}, {""id"": ""059ab9dc-4fee-4be0-8372-ef249f73eb14"", ""text"": ""Option D""}]",3,SSRS,1.0
7edb6bae-fe61-4c04-ada1-c1ec88bd80c1,Question 69: What is a key concept in SSRS?,331e64d4-9237-4822-b423-5233ed43446a,"[{""id"": ""13b1953b-9c67-4979-a2ab-9ae02e2e6d34"", ""text"": ""Option A""}, {""id"": ""044766da-ffc7-4be9-9bd3-7d38175424e7"", ""text"": ""Option B""}, {""id"": ""c9e89851-c5ef-4adb-94fd-cc9427890319"", ""text"": ""Option C""}, {""id"": ""331e64d4-9237-4822-b423-5233ed43446a"", ""text"": ""Option D""}]",2,SSRS,1.0
5938e6b0-8299-45ef-9dd2-04e338e5bbac,Question 70: What is a key concept in Data Science?,f5194da2-e654-468e-9e3a-0fb770d1affd,"[{""id"": ""b9801b23-d333-447f-927d-c73cd7c8d698"", ""text"": ""Option A""}, {""id"": ""33c40a3e-e3de-4679-9e65-feb33e14cea8"", ""text"": ""Option B""}, {""id"": ""1efa30c0-3ca1-4ee0-acdf-c936f274d87c"", ""text"": ""Option C""}, {""id"": ""f5194da2-e654-468e-9e3a-0fb770d1affd"", ""text"": ""Option D""}]",2,Data Science,10.0
9a3e572c-bcfe-4611-aca3-dd42d64a95a5,Question 71: What is a key concept in Python?,54d399ee-6bfb-443c-9c7d-b1aecee6d0ea,"[{""id"": ""30ac854c-14f1-4091-8d09-298beead9e9a"", ""text"": ""Option A""}, {""id"": ""861a229b-81fd-4db7-ad02-080344b84351"", ""text"": ""Option B""}, {""id"": ""54d399ee-6bfb-443c-9c7d-b1aecee6d0ea"", ""text"": ""Option C""}, {""id"": ""465ddb7d-781e-4843-b404-ca351917a336"", ""text"": ""Option D""}]",2,Python,5.0
ffb64600-cddc-4096-a27a-e7208e4c75cd,Question 72: What is a key concept in Data Science?,cb106cb3-ce1e-4589-9bf9-430b43a34ac1,"[{""id"": ""67fdde80-8653-45f0-b793-6f51dc777e3a"", ""text"": ""Option A""}, {""id"": ""cb106cb3-ce1e-4589-9bf9-430b43a34ac1"", ""text"": ""Option B""}, {""id"": ""a9a2d865-e09c-43cf-bed9-a0a98043e0f2"", ""text"": ""Option C""}, {""id"": ""c8f97998-56f8-497b-91e1-d43e37b77865"", ""text"": ""Option D""}]",3,Data Science,5.0
ec1039a4-5f86-4262-8b46-19a051a30172,Question 73: What is a key concept in Data Science?,3a6df489-8870-415b-a558-a3e0bfaa8912,"[{""id"": ""7499d023-fb46-491b-b049-c60f05427139"", ""text"": ""Option A""}, {""id"": ""805cf700-5bfd-41d8-943c-f1e833c666cc"", ""text"": ""Option B""}, {""id"": ""ed5775eb-ea2c-47ce-95e2-d8a9867dce59"", ""text"": ""Option C""}, {""id"": ""3a6df489-8870-415b-a558-a3e0bfaa8912"", ""text"": ""Option D""}]",3,Data Science,5.0
4b9ac61e-d887-482a-8bc2-b339e3f85342,Question 74: What is a key concept in Python?,9e532fc1-73d3-42c3-8876-7a3a28b6c61b,"[{""id"": ""39463180-50b2-4b84-a091-16ef9da91b39"", ""text"": ""Option A""}, {""id"": ""9e532fc1-73d3-42c3-8876-7a3a28b6c61b"", ""text"": ""Option B""}, {""id"": ""756d106e-c57e-4b7a-8ee6-28f4bdb9670b"", ""text"": ""Option C""}, {""id"": ""b47fe15e-9cbb-4694-9a04-53b9c6d39318"", ""text"": ""Option D""}]",2,Python,10.0
16e1ef9b-2624-40e6-87c4-f47c5b1e1bb3,Question 75: What is a key concept in SSRS?,671de388-6890-4b19-8b6c-45095e8d6c38,"[{""id"": ""13ebe966-f768-437e-a5ab-ea59ffe89927"", ""text"": ""Option A""}, {""id"": ""18b5ce44-65c6-4f47-8797-b96aefe69598"", ""text"": ""Option B""}, {""id"": ""1b893cfe-5a74-4a7f-829a-263e6465dced"", ""text"": ""Option C""}, {""id"": ""671de388-6890-4b19-8b6c-45095e8d6c38"", ""text"": ""Option D""}]",2,SSRS,10.0
0fc9ca98-1e7e-4e1b-9776-ce2c71544e7b,Question 76: What is a key concept in SSRS?,141d3111-c4ef-484b-abb8-cb4fe844f9a7,"[{""id"": ""ba94ee92-81e7-43ae-8cee-4ec36b3c2008"", ""text"": ""Option A""}, {""id"": ""bd9b26ce-2dd1-42e4-b25c-0433b9a7deeb"", ""text"": ""Option B""}, {""id"": ""4dfbb406-6149-4b43-ae9e-63c9ab0dcb4e"", ""text"": ""Option C""}, {""id"": ""141d3111-c4ef-484b-abb8-cb4fe844f9a7"", ""text"": ""Option D""}]",3,SSRS,10.0
dfa21059-d368-42f1-ad88-7739877a89a9,Question 77: What is a key concept in Python?,3ff846eb-e724-4865-9d7b-dc3bee3196b2,"[{""id"": ""0c56bdda-fa3a-4140-ba61-9332bf989ffc"", ""text"": ""Option A""}, {""id"": ""0a84eea1-5130-48a0-b65c-85e4cc5e0ba4"", ""text"": ""Option B""}, {""id"": ""3ff846eb-e724-4865-9d7b-dc3bee3196b2"", ""text"": ""Option C""}, {""id"": ""f5c27382-df9d-4278-9785-f3b82be55eb3"", ""text"": ""Option D""}]",1,Python,5.0
57360056-89f7-4b21-a597-926608ea8705,Question 78: What is a key concept in SSRS?,a97bd4c6-08c0-4cb5-8a87-d6387bbd8461,"[{""id"": ""5c5e98eb-7133-430a-9882-ccfc72cea808"", ""text"": ""Option A""}, {""id"": ""cbf976e8-f1f9-4531-b4a6-bed01d85ff9c"", ""text"": ""Option B""}, {""id"": ""f5f0b882-7fdb-445b-81dd-bcb66b327932"", ""text"": ""Option C""}, {""id"": ""a97bd4c6-08c0-4cb5-8a87-d6387bbd8461"", ""text"": ""Option D""}]",2,SSRS,5.0
4f4f800d-914c-400e-bac0-552d9e265976,Question 79: What is a key concept in Data Science?,80228beb-980e-4d96-83c5-fe23a8c8ff15,"[{""id"": ""a1f92512-2c15-4b68-849e-ade8625fe531"", ""text"": ""Option A""}, {""id"": ""933a1229-83cb-47bd-9b12-ac114e509d88"", ""text"": ""Option B""}, {""id"": ""80228beb-980e-4d96-83c5-fe23a8c8ff15"", ""text"": ""Option C""}, {""id"": ""8912c412-e2a5-4a13-b773-239b258bef58"", ""text"": ""Option D""}]",3,Data Science,5.0
5bef5fa0-0e62-4724-bf11-06fdacd3450f,Question 80: What is a key concept in Python?,5c486321-4bec-4b61-a4e5-1013356b79af,"[{""id"": ""3a0aee0e-860e-46a8-8582-50ccd744d406"", ""text"": ""Option A""}, {""id"": ""25be31d4-6bf8-46c1-b4d0-eb7541a8dfd9"", ""text"": ""Option B""}, {""id"": ""5c486321-4bec-4b61-a4e5-1013356b79af"", ""text"": ""Option C""}, {""id"": ""aa26fa45-9e0d-4482-a10c-0c1e1b837716"", ""text"": ""Option D""}]",3,Python,5.0
8fc7de3e-9d25-4697-ac3a-317cc733053e,Question 81: What is a key concept in Data Science?,238fdbe0-6693-432d-a545-dbb19bb28176,"[{""id"": ""433de575-584a-49f6-a43c-2cffdd03f25e"", ""text"": ""Option A""}, {""id"": ""238fdbe0-6693-432d-a545-dbb19bb28176"", ""text"": ""Option B""}, {""id"": ""73e1be2d-b1af-4566-aa51-c7d620c924f4"", ""text"": ""Option C""}, {""id"": ""9b251bfa-e5ae-4862-9aec-1282b9936a7a"", ""text"": ""Option D""}]",1,Data Science,10.0
1e1f50c6-9780-4ef0-a134-63618c2e9a09,Question 82: What is a key concept in SSRS?,34508b6d-e2f0-4ad6-90ca-5c433fc4dc4d,"[{""id"": ""eb73cd5e-5c90-437d-857e-01f21dffc296"", ""text"": ""Option A""}, {""id"": ""34508b6d-e2f0-4ad6-90ca-5c433fc4dc4d"", ""text"": ""Option B""}, {""id"": ""c404110d-6a1d-4f9d-9635-062c4d98d72f"", ""text"": ""Option C""}, {""id"": ""54ef18c7-ac42-4f41-8003-f63ae074fe5a"", ""text"": ""Option D""}]",3,SSRS,5.0
c446e977-f5e4-469c-8742-23432e1b3cbe,Question 83: What is a key concept in SQL?,cb8030ae-d17e-4c93-970f-4579df17321e,"[{""id"": ""98e2716e-fdf4-4aa8-b06e-2187b0d43982"", ""text"": ""Option A""}, {""id"": ""10cf3f73-09a3-4ecb-b7bb-da416ee4ce28"", ""text"": ""Option B""}, {""id"": ""e0149d1d-9e88-47c5-84ad-83fae64fe750"", ""text"": ""Option C""}, {""id"": ""cb8030ae-d17e-4c93-970f-4579df17321e"", ""text"": ""Option D""}]",2,SQL,10.0
ff94256d-24fd-42b8-823e-b2c7bc6bf9f5,Question 84: What is a key concept in Python?,4fbf1209-b730-4f52-9dcf-6fd075b11957,"[{""id"": ""0d5528b7-928f-4b41-bdf1-e57f39b2fed1"", ""text"": ""Option A""}, {""id"": ""4fbf1209-b730-4f52-9dcf-6fd075b11957"", ""text"": ""Option B""}, {""id"": ""8c7eb82b-ab2a-4d10-aedc-e143cc4f2daf"", ""text"": ""Option C""}, {""id"": ""181ee740-b82a-47ad-93f9-8b924d14dc81"", ""text"": ""Option D""}]",2,Python,5.0
aa85a7d7-c72d-4d75-9599-c8118d24f1dd,Question 85: What is a key concept in Python?,952919e3-cbf4-4178-ad7c-641ba1e01698,"[{""id"": ""952919e3-cbf4-4178-ad7c-641ba1e01698"", ""text"": ""Option A""}, {""id"": ""fee1e9ab-e3e0-49bd-96f7-0863773c1fde"", ""text"": ""Option B""}, {""id"": ""261331f6-22fa-477f-8d8f-1aa18b681e30"", ""text"": ""Option C""}, {""id"": ""167debf5-055d-4b56-ba17-8953b32b5c1c"", ""text"": ""Option D""}]",3,Python,10.0
69464f9e-2c57-4c3b-8148-1cd7fb285ba4,Question 86: What is a key concept in Python?,1636aacd-9941-4110-bf10-2c1638dd2651,"[{""id"": ""2d57af01-56aa-440e-ad13-f3c5b9b17883"", ""text"": ""Option A""}, {""id"": ""75a2b8b0-9194-467e-9fcb-52501f179dbe"", ""text"": ""Option B""}, {""id"": ""1636aacd-9941-4110-bf10-2c1638dd2651"", ""text"": ""Option C""}, {""id"": ""e0c3d27e-8a52-4c07-86a4-3523c2a2b9cf"", ""text"": ""Option D""}]",3,Python,10.0
c4eb2efe-2833-4e75-b34d-78d7ff6c4ca0,Question 87: What is a key concept in SSRS?,7f864a84-eb68-4214-9acc-39e69d4a348e,"[{""id"": ""9db50618-ea22-44f6-a6ca-43f19660088d"", ""text"": ""Option A""}, {""id"": ""7f864a84-eb68-4214-9acc-39e69d4a348e"", ""text"": ""Option B""}, {""id"": ""ba828598-5d6b-4600-aa7b-49e627ceaa3c"", ""text"": ""Option C""}, {""id"": ""6c3c74c2-ae28-4c21-bcc6-6e233db64373"", ""text"": ""Option D""}]",1,SSRS,1.0
2587361f-aa87-4f1a-b088-104af969a771,Question 88: What is a key concept in Python?,eff2cd42-2b23-4cc5-8a3a-b6af4705427f,"[{""id"": ""d3981ff1-d358-4d02-baa6-db385b4b6dc0"", ""text"": ""Option A""}, {""id"": ""1e5673ba-b835-4f74-90a6-b8ac92061e01"", ""text"": ""Option B""}, {""id"": ""eff2cd42-2b23-4cc5-8a3a-b6af4705427f"", ""text"": ""Option C""}, {""id"": ""9031df40-89a2-4a8c-be80-31d7945d5f86"", ""text"": ""Option D""}]",1,Python,10.0
420e1968-6004-41b1-abc9-b34562c94322,Question 89: What is a key concept in SQL?,0b0bef97-1ece-4641-b2b8-79601addbc04,"[{""id"": ""3c579247-f5a6-4a8f-96be-681603cd44f6"", ""text"": ""Option A""}, {""id"": ""0b0bef97-1ece-4641-b2b8-79601addbc04"", ""text"": ""Option B""}, {""id"": ""4c184cbe-3ee5-4cd2-bcc8-1c0423c98a0c"", ""text"": ""Option C""}, {""id"": ""d8535645-f7b6-47c2-9529-602cd2b38b70"", ""text"": ""Option D""}]",1,SQL,10.0
6ac46a57-5ff9-4f04-bc52-f6d8371a75a9,Question 90: What is a key concept in SSRS?,b021ef37-8eac-47df-a69f-e905cb73b935,"[{""id"": ""b021ef37-8eac-47df-a69f-e905cb73b935"", ""text"": ""Option A""}, {""id"": ""51eb5e09-769a-4ebe-b105-cb7f3490c250"", ""text"": ""Option B""}, {""id"": ""a6d40310-a0e7-4df7-95a2-04bd13dc187c"", ""text"": ""Option C""}, {""id"": ""b39d46e3-fb4c-49bc-81c8-9f8a9877beda"", ""text"": ""Option D""}]",3,SSRS,10.0
d7d1cbf9-b923-4902-bf2e-4f0344b34ad6,Question 91: What is a key concept in SSRS?,e675f32c-5dab-4f7d-b226-fbb7c3993158,"[{""id"": ""481532b2-d852-4de4-98df-b10c3308690b"", ""text"": ""Option A""}, {""id"": ""e675f32c-5dab-4f7d-b226-fbb7c3993158"", ""text"": ""Option B""}, {""id"": ""c79300f8-a6be-47bf-a657-16865a23bb97"", ""text"": ""Option C""}, {""id"": ""43cd302c-1828-4564-b1e7-78d476bfd622"", ""text"": ""Option D""}]",3,SSRS,5.0
962a34d5-19c8-4ecb-8eda-7ae02920748c,Question 92: What is a key concept in SSRS?,99111ba2-1140-4d55-b25f-2b118e4c18e9,"[{""id"": ""7e3c5df6-9063-45e4-b8f9-21072276005a"", ""text"": ""Option A""}, {""id"": ""e1c90b87-165a-4203-b4ec-cb39930383b2"", ""text"": ""Option B""}, {""id"": ""8dbfc327-de10-4f90-96ce-c66c6a488a56"", ""text"": ""Option C""}, {""id"": ""99111ba2-1140-4d55-b25f-2b118e4c18e9"", ""text"": ""Option D""}]",1,SSRS,5.0
791d7702-bee1-4e04-8a7e-649383b47a8a,Question 93: What is a key concept in Python?,d731e0bb-a441-4e81-b6ad-49e115284c9d,"[{""id"": ""32c9cb50-87de-499b-9803-ef929e44b49e"", ""text"": ""Option A""}, {""id"": ""5ac05c7a-0b46-487f-b345-f4dfcd69f142"", ""text"": ""Option B""}, {""id"": ""d731e0bb-a441-4e81-b6ad-49e115284c9d"", ""text"": ""Option C""}, {""id"": ""603b1956-4d5b-40ae-95bb-4fea90dc97e6"", ""text"": ""Option D""}]",3,Python,1.0
292c5441-0217-43f0-b888-d2006af89e92,Question 94: What is a key concept in Python?,ebb5f446-0f33-4b3f-a37e-eaf814534b19,"[{""id"": ""ebb5f446-0f33-4b3f-a37e-eaf814534b19"", ""text"": ""Option A""}, {""id"": ""08147a98-0340-4e81-beba-933617fa604d"", ""text"": ""Option B""}, {""id"": ""d0c71c73-6af2-419e-8e63-876d0451c0da"", ""text"": ""Option C""}, {""id"": ""f487ece1-1c15-44c7-a58b-6cc6498c5d44"", ""text"": ""Option D""}]",2,Python,10.0
528378d5-2d18-4111-83e6-1a41b8a004ce,Question 95: What is a key concept in Data Science?,6cb79314-2431-4707-b0b0-2a2284ba31ba,"[{""id"": ""6cb79314-2431-4707-b0b0-2a2284ba31ba"", ""text"": ""Option A""}, {""id"": ""31225b42-126a-432d-82b6-832f36800b4d"", ""text"": ""Option B""}, {""id"": ""08fcb391-8f5a-47e2-a542-e6299b4cc049"", ""text"": ""Option C""}, {""id"": ""88bdd918-79cb-4829-b6c2-9fd8a6d2aff2"", ""text"": ""Option D""}]",3,Data Science,5.0
c8dc532a-20f5-405e-ae57-b2c9257df461,Question 96: What is a key concept in Python?,01006a7b-fa47-4e07-b9de-dc5853ab28c4,"[{""id"": ""01006a7b-fa47-4e07-b9de-dc5853ab28c4"", ""text"": ""Option A""}, {""id"": ""8e1d30f9-8e59-4355-83db-1063a17c813c"", ""text"": ""Option B""}, {""id"": ""9abeb553-0c82-4e36-94f2-d741bfdb1ce8"", ""text"": ""Option C""}, {""id"": ""709aac97-0c23-4e52-a9bf-1bf19563361c"", ""text"": ""Option D""}]",2,Python,10.0
84cf9eed-b9fd-49d8-8b30-03ba61a59419,Question 97: What is a key concept in SQL?,21fb2658-06b6-4502-aa27-7d7e6b35dc6e,"[{""id"": ""7dc6dc44-3cf6-4034-86af-50c63fc71345"", ""text"": ""Option A""}, {""id"": ""8f1b8ff5-041c-4b82-8742-03e3d23e7ad0"", ""text"": ""Option B""}, {""id"": ""21fb2658-06b6-4502-aa27-7d7e6b35dc6e"", ""text"": ""Option C""}, {""id"": ""1d8532a7-6c23-4c2f-9826-09db9db6e646"", ""text"": ""Option D""}]",1,SQL,1.0
bee5d368-8358-4464-8e84-ae461dcd76b7,Question 98: What is a key concept in Data Science?,187f1968-1c0e-4b01-9634-53275e3f7bc6,"[{""id"": ""187f1968-1c0e-4b01-9634-53275e3f7bc6"", ""text"": ""Option A""}, {""id"": ""1d7b92be-6cfe-421e-9bb4-11fba5bf1f8a"", ""text"": ""Option B""}, {""id"": ""0f875ad3-bd36-450c-b5f4-4bc4415f2a22"", ""text"": ""Option C""}, {""id"": ""ee39af0d-6ecd-48c0-9dd0-28d53d0766ff"", ""text"": ""Option D""}]",1,Data Science,1.0
495060b0-8a28-4c16-baa2-e87e35c21a0c,Question 99: What is a key concept in Data Science?,75e1f0fc-8a48-4e90-8d54-779e87985daf,"[{""id"": ""c13b7636-3ebe-4ccb-99d5-f39847b65d0a"", ""text"": ""Option A""}, {""id"": ""9af92aea-1571-43de-9bb1-309e8e20d33c"", ""text"": ""Option B""}, {""id"": ""75e1f0fc-8a48-4e90-8d54-779e87985daf"", ""text"": ""Option C""}, {""id"": ""aa25c0ea-7bd5-43b4-a234-beced0aa6351"", ""text"": ""Option D""}]",3,Data Science,10.0
f909124a-8524-4d3e-bc52-27be41298965,Question 100: What is a key concept in Python?,ad13b634-190d-4df6-8065-e01ccbf4e14a,"[{""id"": ""c2b2078e-bc11-4538-9e58-cf011dd0ec12"", ""text"": ""Option A""}, {""id"": ""26be9f84-78b7-4ee0-9541-d531a534fb70"", ""text"": ""Option B""}, {""id"": ""327ea062-98ab-4294-99e2-038e8ecf1fdd"", ""text"": ""Option C""}, {""id"": ""ad13b634-190d-4df6-8065-e01ccbf4e14a"", ""text"": ""Option D""}]",2,Python,5.0
